normal,J,99.46
normal,D,93.05
normal,J,99.18
normal,C,69.26
normal,J,99.43
normal,C,83.63
normal,Uncertain,40.77
normal,Uncertain,46.24
normal,Uncertain,48.52
normal,B,84.49
normal,E,66.77
normal,Uncertain,53.85
normal,E,88.86
normal,E,86.46
normal,E,98.81
normal,E,95.98
normal,E,77.71
normal,Uncertain,59.21
normal,E,61.49
normal,E,79.62
normal,Uncertain,52.39
normal,E,79.06
normal,E,96.58
normal,E,89.42
normal,E,92.88
normal,E,78.92
normal,E,95.61
normal,E,93.53
normal,E,86.16
normal,Uncertain,54.12
normal,E,75.72
normal,Uncertain,52.19
normal,E,86.39
normal,Uncertain,56.62
normal,E,85.34
normal,E,88.46
normal,E,89.27
normal,E,97.03
normal,E,96.61
normal,C,71.94
normal,J,98.84
normal,J,93.76
normal,J,99.82
normal,C,99.98
normal,J,76.00
normal,J,83.95
normal,C,86.71
normal,C,66.16
normal,C,70.29
normal,Uncertain,42.15
normal,Uncertain,45.19
normal,Uncertain,49.89
normal,Uncertain,48.47
normal,C,90.09
normal,C,88.14
normal,C,83.51
normal,C,85.36
normal,C,93.76
normal,C,90.84
normal,C,94.77
normal,C,93.57
normal,C,90.23
normal,C,78.51
normal,C,84.13
normal,C,67.08
normal,C,95.57
normal,C,72.65
normal,C,63.92
normal,C,75.59
normal,C,91.47
normal,C,76.04
normal,C,85.02
normal,C,82.62
normal,C,74.85
normal,C,91.73
normal,C,64.51
normal,A,86.72
normal,J,99.15
normal,J,99.66
normal,J,81.71
normal,J,97.41
normal,J,81.62
normal,J,87.92
normal,Uncertain,43.72
normal,A,66.42
normal,J,99.75
normal,B,99.23
normal,B,89.78
normal,B,93.91
normal,B,99.73
normal,B,94.00
normal,B,90.42
normal,B,99.14
normal,B,76.98
normal,A,78.62
normal,B,70.13
normal,Uncertain,56.95
normal,B,72.19
normal,Uncertain,47.34
normal,B,75.82
normal,Uncertain,34.70
normal,Uncertain,26.65
normal,Uncertain,44.01
normal,J,73.98
normal,Uncertain,50.87
normal,Uncertain,43.91
normal,B,72.91
normal,Uncertain,43.50
normal,B,74.90
normal,B,92.15
normal,B,90.85
normal,B,78.08
normal,B,62.21
normal,B,81.90
normal,B,62.43
normal,B,91.79
normal,B,90.39
normal,B,66.26
normal,B,93.93
normal,B,78.77
normal,B,93.48
normal,Uncertain,53.76
normal,B,75.57
normal,B,84.72
normal,Uncertain,52.76
normal,B,86.79
normal,B,70.29
normal,B,60.52
normal,B,67.93
normal,B,66.19
normal,B,78.53
normal,Uncertain,58.29
normal,Uncertain,47.36
normal,B,66.52
normal,B,84.23
normal,B,68.95
normal,B,74.39
normal,Uncertain,59.18
normal,A,82.06
normal,B,77.42
normal,B,95.34
normal,Uncertain,47.09
normal,B,81.77
normal,A,85.28
normal,Uncertain,43.15
normal,A,72.84
dim,B,96.89
dim,B,99.55
dim,B,99.33
dim,B,99.44
dim,B,98.97
dim,B,96.88
dim,B,97.87
dim,B,98.98
dim,B,99.56
dim,B,99.53
dim,B,98.85
dim,B,99.36
dim,B,99.66
dim,B,99.33
dim,B,99.60
dim,B,99.87
dim,B,99.85
dim,B,99.75
dim,B,99.51
dim,B,99.95
dim,B,99.85
dim,B,99.78
dim,B,99.70
dim,B,99.82
dim,B,99.84
dim,B,99.90
dim,B,99.97
dim,B,99.86
occlusion,B,67.98
occlusion,Uncertain,57.23
occlusion,A,74.38
occlusion,B,84.84
occlusion,B,65.07
occlusion,B,76.92
occlusion,Uncertain,55.36
occlusion,Uncertain,55.41
occlusion,B,82.12
occlusion,Uncertain,48.73
occlusion,A,70.03
occlusion,Uncertain,46.36
occlusion,Uncertain,52.23
occlusion,J,62.83
occlusion,J,99.20
occlusion,J,63.75
occlusion,Uncertain,37.10
occlusion,Uncertain,56.66
occlusion,B,67.87
occlusion,B,68.50
occlusion,Uncertain,59.37
occlusion,B,96.07
occlusion,Uncertain,49.52
occlusion,B,89.81
occlusion,Uncertain,48.32
occlusion,B,96.10
occlusion,B,92.42
occlusion,B,71.79
occlusion,B,85.26
occlusion,B,68.42
occlusion,Uncertain,50.68
occlusion,J,97.38
occlusion,Uncertain,56.96
occlusion,B,97.89
occlusion,Uncertain,45.05
occlusion,B,98.80
occlusion,B,93.09
occlusion,B,70.34
rotate,B,99.97
rotate,B,100.00
rotate,B,99.98
rotate,B,100.00
rotate,B,99.99
rotate,B,99.99
rotate,B,100.00
rotate,B,100.00
rotate,B,99.99
rotate,B,99.98
rotate,B,99.99
rotate,B,99.98
rotate,B,100.00
rotate,B,99.85
rotate,B,99.81
rotate,B,99.98
rotate,B,100.00
rotate,B,99.96
rotate,B,99.95
rotate,B,99.61
rotate,B,99.96
rotate,B,99.99
rotate,B,99.97
rotate,B,99.99
rotate,B,99.99
rotate,B,99.95
rotate,B,99.98
rotate,B,100.00
rotate,B,99.99
rotate,B,99.95
occlusion,Uncertain,56.72
occlusion,B,93.83
occlusion,B,91.81
occlusion,B,97.56
occlusion,B,92.38
occlusion,B,96.28
occlusion,B,95.08
occlusion,B,91.91
dim,B,87.72
dim,B,93.56
dim,B,98.63
dim,B,95.70
dim,B,98.80
dim,B,95.43
dim,Uncertain,48.14
normal,B,99.63
normal,B,69.27
normal,B,99.40
normal,B,99.37
normal,B,98.29
normal,B,92.18
normal,B,92.97
normal,B,92.81
normal,B,97.65
rotate,B,99.53
rotate,B,99.98
rotate,B,99.99
rotate,B,99.98
rotate,B,99.95
rotate,B,99.99
rotate,B,99.92
rotate,B,99.99
rotate,B,99.90
rotate,B,99.99
rotate,B,99.98
rotate,B,99.90
rotate,B,99.84
rotate,B,99.96
rotate,B,99.65
rotate,B,99.97
rotate,B,99.80
rotate,B,99.99
rotate,B,99.88
rotate,B,99.96
rotate,B,99.83
rotate,B,99.96
rotate,B,99.99
occlusion,Uncertain,57.60
occlusion,B,97.01
occlusion,B,97.54
occlusion,B,96.58
occlusion,B,95.55
occlusion,B,93.90
occlusion,B,96.68
occlusion,B,74.88
occlusion,B,96.41
occlusion,B,99.89
occlusion,B,99.82
occlusion,B,99.30
occlusion,B,98.58
occlusion,B,99.17
occlusion,B,86.66
occlusion,B,84.37
occlusion,A,70.26
occlusion,Uncertain,46.33
occlusion,Uncertain,48.48
occlusion,A,65.09
occlusion,B,86.99
occlusion,A,99.04
occlusion,A,94.08
occlusion,Uncertain,52.04
occlusion,Uncertain,56.26
occlusion,A,87.97
occlusion,B,91.94
occlusion,A,99.37
occlusion,B,62.22
occlusion,Uncertain,48.49
occlusion,Uncertain,58.08
occlusion,B,91.09
occlusion,B,93.40
occlusion,A,85.33
occlusion,A,82.36
occlusion,A,72.07
occlusion,B,91.75
occlusion,B,86.45
occlusion,A,60.18
occlusion,B,95.93
occlusion,B,62.94
occlusion,B,64.69
occlusion,B,97.02
occlusion,B,97.70
occlusion,B,95.36
occlusion,B,69.12
occlusion,B,82.69
occlusion,B,97.25
occlusion,B,98.87
occlusion,B,94.76
occlusion,B,98.11
occlusion,B,68.96
occlusion,B,78.99
occlusion,B,92.19
occlusion,B,82.54
occlusion,B,97.69
occlusion,Uncertain,57.88
occlusion,B,93.38
occlusion,B,98.42
occlusion,B,69.95
occlusion,B,93.56
occlusion,B,98.84
occlusion,B,95.70
occlusion,B,96.44
occlusion,B,98.22
occlusion,B,99.36
occlusion,B,98.43
occlusion,B,99.49
occlusion,B,80.00
occlusion,B,89.70
occlusion,Uncertain,47.89
occlusion,Uncertain,59.19
occlusion,Uncertain,51.41
occlusion,Uncertain,32.19
occlusion,B,63.43
occlusion,A,63.08
occlusion,B,91.77
occlusion,B,68.59
occlusion,B,74.07
occlusion,Uncertain,51.79
occlusion,Uncertain,46.38
occlusion,Uncertain,54.88
occlusion,E,66.76
occlusion,Uncertain,47.22
occlusion,E,87.32
occlusion,E,63.93
occlusion,B,60.27
occlusion,Uncertain,48.99
occlusion,E,64.41
occlusion,Uncertain,48.86
occlusion,E,66.48
occlusion,Uncertain,45.29
occlusion,Uncertain,59.06
occlusion,Uncertain,53.54
occlusion,Uncertain,51.26
occlusion,C,97.83
occlusion,C,91.09
occlusion,C,86.29
occlusion,C,98.43
occlusion,C,91.32
occlusion,C,92.27
occlusion,B,82.27
occlusion,C,97.57
occlusion,C,98.32
occlusion,C,78.63
occlusion,C,99.09
occlusion,C,99.80
occlusion,C,92.80
occlusion,C,97.91
occlusion,C,75.73
occlusion,C,91.43
occlusion,Uncertain,58.43
occlusion,C,71.30
occlusion,C,80.97
occlusion,Uncertain,55.36
occlusion,C,91.57
occlusion,C,96.52
occlusion,C,99.51
occlusion,C,99.91
occlusion,C,99.65
occlusion,C,95.44
occlusion,C,97.10
occlusion,C,88.69
occlusion,C,96.90
occlusion,C,92.61
occlusion,C,86.64
occlusion,C,99.60
occlusion,C,98.15
occlusion,C,98.69
occlusion,C,91.03
occlusion,C,94.00
occlusion,C,77.65
occlusion,C,99.71
occlusion,C,99.84
occlusion,C,98.68
occlusion,C,90.12
occlusion,C,89.73
occlusion,C,69.86
occlusion,C,96.04
occlusion,Uncertain,44.53
occlusion,D,94.26
occlusion,D,98.15
occlusion,D,98.83
occlusion,D,89.33
occlusion,D,96.05
occlusion,D,93.18
occlusion,D,97.29
occlusion,D,95.69
occlusion,D,98.65
occlusion,D,93.19
occlusion,D,91.81
occlusion,D,99.07
occlusion,I,78.87
occlusion,J,90.37
normal,A,99.95
normal,Uncertain,40.37
normal,D,93.27
normal,D,90.82
normal,Uncertain,49.69
normal,Uncertain,38.03
normal,Uncertain,46.56
normal,Uncertain,41.53
normal,Uncertain,49.33
normal,Uncertain,44.68
normal,A,62.65
normal,J,67.51
normal,J,60.85
normal,A,67.86
normal,J,66.43
normal,Uncertain,51.25
normal,A,63.61
normal,Uncertain,56.70
normal,Uncertain,54.07
normal,J,63.19
normal,A,69.14
normal,A,99.57
normal,A,99.98
normal,A,92.77
normal,B,98.28
normal,B,99.97
normal,B,66.43
normal,B,99.63
normal,Uncertain,50.91
normal,B,82.84
normal,B,99.99
normal,A,97.19
normal,B,65.92
normal,B,99.99
normal,B,99.30
normal,B,99.96
normal,B,99.39
normal,B,99.81
normal,B,99.86
normal,B,99.98
normal,B,100.00
normal,B,99.88
normal,B,99.99
normal,B,62.65
normal,A,99.99
normal,A,98.39
normal,A,96.84
normal,A,82.08
normal,B,99.10
normal,A,75.54
normal,B,91.35
normal,B,65.06
normal,A,93.49
normal,B,99.98
normal,B,100.00
normal,B,99.79
normal,B,100.00
normal,B,100.00
normal,B,100.00
normal,B,100.00
normal,B,100.00
normal,B,99.42
normal,B,99.99
normal,B,100.00
normal,B,99.95
normal,B,99.93
normal,B,99.97
normal,B,99.99
normal,B,100.00
normal,B,100.00
normal,B,99.97
normal,B,100.00
normal,B,99.98
normal,B,100.00
normal,B,100.00
normal,B,99.84
normal,B,99.98
normal,B,98.27
normal,B,100.00
normal,B,100.00
normal,B,99.82
normal,B,99.95
normal,B,99.94
normal,B,99.88
normal,B,99.87
normal,B,97.73
normal,B,99.70
normal,B,99.42
normal,B,99.67
normal,B,99.99
normal,B,100.00
normal,B,99.99
normal,B,100.00
normal,B,99.93
normal,B,99.91
normal,E,66.85
normal,Uncertain,51.70
normal,Uncertain,46.13
normal,Uncertain,57.29
normal,B,98.77
normal,B,98.97
normal,A,72.00
normal,A,96.71
normal,A,69.01
normal,H,62.28
normal,J,86.83
normal,F,97.95
normal,B,63.60
normal,J,98.91
normal,J,99.54
normal,J,98.52
normal,A,75.94
normal,F,85.94
normal,F,99.48
normal,J,94.64
normal,J,99.67
normal,J,98.57
normal,J,74.76
normal,J,81.76
normal,H,79.26
normal,Uncertain,52.95
normal,A,78.41
normal,J,91.65
normal,Uncertain,36.21
normal,A,98.42
normal,J,99.37
normal,J,90.49
normal,J,75.34
normal,A,92.63
normal,J,99.95
normal,A,99.27
normal,A,98.34
normal,A,95.23
normal,A,85.67
normal,Uncertain,47.23
normal,Uncertain,57.29
normal,Uncertain,52.88
normal,A,91.84
normal,A,99.74
normal,E,88.56
normal,E,81.33
normal,E,93.48
normal,E,90.65
normal,F,69.72
normal,A,91.77
normal,A,98.85
normal,A,96.71
normal,A,96.36
normal,A,97.45
normal,A,94.07
normal,F,87.41
normal,F,63.59
normal,A,70.97
normal,D,68.39
normal,Uncertain,45.42
normal,A,88.97
normal,D,88.28
normal,D,74.55
normal,A,65.31
normal,D,92.15
normal,D,66.55
normal,A,87.05
normal,D,67.70
normal,A,83.82
normal,A,91.79
normal,A,68.50
normal,A,71.06
normal,A,91.45
normal,A,96.69
normal,A,94.37
normal,Uncertain,58.95
normal,A,90.39
normal,J,93.00
normal,J,98.71
normal,J,62.62
normal,J,86.75
normal,G,69.17
normal,G,84.22
normal,J,84.55
normal,Uncertain,44.92
normal,G,62.02
normal,J,99.36
normal,J,99.81
normal,J,99.99
normal,J,99.96
normal,J,99.90
normal,J,99.79
normal,J,99.85
normal,J,99.67
normal,J,99.80
normal,J,99.64
normal,J,97.60
normal,J,99.36
normal,J,96.68
normal,J,93.20
normal,J,94.36
normal,J,94.83
normal,J,65.13
normal,Uncertain,36.62
normal,Uncertain,55.30
normal,J,71.56
normal,Uncertain,40.61
normal,Uncertain,52.33
normal,Uncertain,38.16
normal,J,66.69
normal,J,74.80
normal,J,60.45
normal,J,96.99
normal,J,97.17
normal,J,80.83
normal,J,98.45
normal,J,60.64
normal,J,61.34
normal,J,96.50
normal,J,99.38
normal,J,99.67
normal,J,95.24
normal,J,93.87
normal,J,61.39
normal,J,99.12
normal,J,99.65
normal,J,99.40
normal,J,96.56
normal,J,93.59
normal,J,97.85
normal,J,98.34
normal,J,98.12
normal,J,97.71
normal,J,99.04
normal,J,96.02
normal,J,98.17
normal,J,98.56
normal,J,99.98
normal,J,99.71
normal,Uncertain,56.47
normal,J,71.31
normal,Uncertain,55.00
normal,J,99.74
normal,Uncertain,56.56
normal,Uncertain,50.17
normal,J,98.19
normal,J,97.59
normal,J,95.80
normal,J,99.10
normal,J,95.95
normal,D,79.25
normal,J,99.62
normal,B,70.98
normal,Uncertain,47.52
normal,A,85.99
normal,A,90.54
dim,B,94.08
dim,B,99.65
dim,J,63.97
dim,Uncertain,30.46
dim,H,74.01
dim,J,72.44
dim,Uncertain,38.50
dim,Uncertain,46.52
dim,Uncertain,50.98
dim,Uncertain,53.15
dim,Uncertain,48.84
dim,J,97.76
dim,J,79.85
dim,J,99.78
dim,J,76.29
dim,I,91.87
dim,J,97.80
occlusion,J,89.31
occlusion,J,98.49
occlusion,J,99.87
occlusion,J,100.00
occlusion,D,80.16
occlusion,D,97.64
occlusion,D,99.21
occlusion,J,85.43
occlusion,J,96.02
rotate,B,90.71
rotate,Uncertain,50.00
rotate,J,89.88
rotate,J,73.11
rotate,A,83.00
rotate,A,78.31
rotate,A,99.81
rotate,A,99.97
rotate,B,99.01
rotate,Uncertain,46.81
rotate,J,93.70
rotate,J,99.83
rotate,J,96.75
rotate,Uncertain,56.66
rotate,J,78.11
rotate,J,99.81
rotate,Uncertain,55.64
rotate,J,78.64
rotate,Uncertain,59.75
rotate,Uncertain,48.65
rotate,Uncertain,54.18
rotate,Uncertain,52.81
rotate,Uncertain,44.94
rotate,Uncertain,45.82
rotate,Uncertain,37.85
rotate,Uncertain,57.98
rotate,C,76.88
rotate,G,92.83
rotate,J,99.72
rotate,J,99.95
rotate,B,78.38
rotate,H,75.66
rotate,E,72.99
rotate,Uncertain,53.76
rotate,G,74.33
rotate,Uncertain,50.16
normal,Uncertain,52.23
normal,J,90.86
normal,B,97.08
normal,F,67.83
normal,B,97.00
normal,B,96.48
normal,B,98.99
normal,B,91.42
normal,J,80.49
normal,B,89.90
normal,B,99.55
normal,B,99.11
normal,B,99.27
normal,B,99.47
normal,B,79.85
normal,J,95.53
normal,J,97.33
normal,J,69.56
normal,J,62.70
normal,J,80.10
normal,J,99.93
normal,J,98.63
normal,J,89.59
normal,J,92.41
normal,J,60.52
normal,J,98.75
normal,J,99.46
normal,J,98.81
normal,J,99.68
normal,J,99.57
normal,J,91.18
normal,J,98.20
normal,J,96.42
normal,J,97.08
normal,J,99.91
normal,J,99.96
normal,J,99.85
normal,J,100.00
normal,J,99.95
normal,J,88.31
normal,J,85.11
normal,J,68.24
normal,J,98.54
normal,J,82.07
normal,Uncertain,56.38
normal,G,65.55
normal,Uncertain,39.86
normal,Uncertain,35.08
normal,Uncertain,31.59
normal,Uncertain,56.35
normal,Uncertain,42.42
normal,Uncertain,34.02
normal,Uncertain,45.95
normal,Uncertain,50.49
normal,Uncertain,46.38
normal,A,68.30
normal,Uncertain,37.22
normal,Uncertain,54.37
normal,Uncertain,41.38
normal,Uncertain,49.01
normal,Uncertain,36.76
normal,B,80.33
normal,Uncertain,35.63
normal,Uncertain,30.57
normal,G,67.88
normal,Uncertain,54.17
normal,J,95.10
normal,J,99.20
normal,Uncertain,42.47
normal,G,91.47
normal,Uncertain,47.44
normal,B,96.34
normal,Uncertain,59.96
normal,G,89.65
normal,B,73.04
normal,A,74.09
normal,Uncertain,42.72
normal,Uncertain,54.27
normal,B,64.99
normal,B,71.45
normal,Uncertain,54.90
normal,B,90.77
normal,B,85.67
normal,B,86.57
normal,Uncertain,54.50
normal,Uncertain,51.03
normal,B,74.42
normal,J,70.25
normal,Uncertain,22.16
normal,Uncertain,37.78
normal,Uncertain,53.86
normal,G,78.16
normal,Uncertain,42.81
normal,G,62.79
normal,G,76.96
normal,G,62.55
normal,J,92.98
normal,G,83.51
normal,J,68.38
normal,J,81.49
normal,J,82.40
normal,J,90.85
normal,J,98.92
normal,J,95.23
normal,J,96.67
normal,G,60.67
normal,Uncertain,50.43
normal,Uncertain,55.79
normal,G,64.23
normal,G,72.12
normal,G,67.21
normal,G,72.51
normal,J,63.26
normal,G,78.12
normal,G,71.94
normal,G,65.71
normal,G,73.42
normal,G,95.22
normal,J,99.87
normal,J,98.60
normal,J,74.55
normal,A,62.86
normal,B,65.91
normal,Uncertain,41.39
normal,B,91.52
normal,B,92.72
normal,B,69.99
normal,B,69.97
normal,B,71.67
normal,B,83.10
normal,Uncertain,51.38
normal,Uncertain,53.92
normal,J,99.93
normal,J,99.68
normal,B,78.15
normal,Uncertain,43.25
normal,B,91.09
normal,Uncertain,54.57
normal,B,84.01
normal,B,82.57
normal,Uncertain,40.20
normal,B,61.84
normal,Uncertain,36.46
normal,B,86.03
normal,Uncertain,58.82
normal,B,95.29
normal,B,91.49
normal,B,96.85
normal,B,72.19
normal,B,86.19
normal,B,75.11
normal,B,97.78
normal,B,82.88
normal,B,89.81
normal,B,99.69
normal,B,98.34
normal,B,95.10
normal,B,98.93
normal,B,89.16
normal,Uncertain,57.30
normal,J,90.56
normal,Uncertain,58.39
normal,B,98.71
normal,J,81.99
normal,B,82.46
normal,B,88.49
normal,Uncertain,52.53
normal,B,74.11
normal,B,87.89
normal,B,91.19
normal,B,78.05
normal,B,98.44
normal,B,97.88
normal,B,72.62
normal,Uncertain,46.34
normal,B,96.43
normal,B,93.20
normal,B,99.66
normal,B,96.98
normal,B,99.32
normal,B,99.63
normal,B,94.55
normal,B,99.59
normal,B,97.80
normal,B,99.09
normal,B,93.13
normal,B,97.28
normal,B,98.19
normal,B,91.71
normal,B,97.43
normal,B,99.67
normal,B,97.26
normal,B,97.18
normal,B,96.95
normal,B,97.42
normal,B,94.32
normal,B,98.04
normal,B,99.11
normal,B,79.84
normal,B,98.53
normal,Uncertain,40.30
normal,B,99.32
normal,B,97.66
normal,B,98.15
normal,Uncertain,50.39
normal,B,97.14
normal,B,88.85
normal,B,98.67
normal,B,97.92
normal,B,99.65
normal,B,95.53
normal,B,99.56
normal,B,99.29
normal,B,99.84
normal,B,99.83
normal,B,99.55
normal,B,99.55
normal,Uncertain,56.32
normal,B,99.38
normal,B,99.32
normal,B,99.61
normal,B,99.18
normal,B,99.63
normal,B,74.96
normal,J,78.58
normal,J,99.16
normal,J,97.92
normal,Uncertain,34.66
normal,Uncertain,29.96
normal,B,66.47
normal,B,99.05
normal,Uncertain,50.42
normal,J,65.78
normal,B,98.28
normal,B,94.31
normal,B,92.67
normal,B,96.21
normal,B,97.91
normal,B,85.78
normal,B,63.68
normal,B,98.80
normal,B,97.35
normal,Uncertain,45.72
normal,Uncertain,51.23
normal,B,66.68
normal,Uncertain,41.04
normal,B,90.97
normal,Uncertain,55.36
normal,B,95.68
normal,B,99.32
normal,B,92.14
normal,B,90.19
normal,B,98.93
normal,B,98.72
normal,B,97.81
normal,B,88.96
normal,B,93.23
normal,B,95.04
normal,B,79.87
normal,B,82.89
normal,B,98.06
normal,B,63.84
normal,Uncertain,46.32
normal,B,78.70
normal,B,96.88
normal,Uncertain,56.58
normal,J,99.96
normal,A,70.11
normal,B,62.18
normal,B,93.71
normal,B,95.32
normal,B,97.30
normal,B,83.27
normal,B,97.42
normal,B,98.30
dim,B,73.13
dim,B,98.96
dim,B,66.53
dim,B,94.51
dim,Uncertain,44.00
dim,B,99.13
dim,B,92.15
dim,B,98.17
dim,B,97.97
dim,B,91.08
dim,B,98.17
dim,B,99.24
dim,B,98.65
dim,Uncertain,52.87
dim,B,86.64
dim,B,60.83
dim,B,98.25
dim,B,97.34
dim,B,77.60
dim,J,88.51
dim,Uncertain,45.46
dim,B,79.12
dim,Uncertain,50.23
dim,B,79.72
dim,B,76.49
dim,Uncertain,39.91
dim,B,76.08
dim,Uncertain,43.33
dim,B,98.01
dim,B,85.78
dim,B,95.35
dim,B,97.17
dim,B,95.85
dim,B,98.86
dim,Uncertain,44.86
dim,B,96.12
dim,B,98.56
dim,Uncertain,41.65
dim,B,97.74
dim,B,97.00
dim,B,74.14
dim,Uncertain,53.07
dim,B,94.10
dim,Uncertain,35.83
dim,B,71.65
dim,J,79.07
dim,Uncertain,47.43
dim,Uncertain,46.01
dim,B,92.69
dim,Uncertain,42.04
dim,B,95.71
dim,B,96.38
dim,B,89.66
dim,B,64.93
dim,B,89.30
dim,J,99.79
dim,J,99.84
normal,J,78.48
normal,J,95.32
normal,Uncertain,41.25
normal,Uncertain,33.57
normal,Uncertain,37.07
normal,B,87.24
normal,J,73.13
normal,Uncertain,57.45
normal,B,63.70
normal,B,73.09
normal,B,83.84
normal,B,93.47
normal,B,82.14
normal,B,96.58
normal,B,94.81
normal,B,91.66
normal,B,97.52
normal,B,77.77
normal,B,85.63
normal,Uncertain,43.98
normal,Uncertain,53.73
normal,B,72.81
normal,B,73.87
normal,B,90.43
normal,B,93.94
normal,Uncertain,56.53
normal,B,83.52
normal,B,91.50
normal,B,75.26
normal,B,73.22
normal,B,96.22
normal,B,90.73
normal,B,87.51
normal,B,63.61
normal,J,72.61
normal,J,96.81
normal,D,70.81
normal,I,61.36
normal,Uncertain,41.17
normal,D,63.17
normal,I,67.15
normal,Uncertain,51.62
normal,Uncertain,46.83
normal,D,77.56
normal,Uncertain,41.47
normal,Uncertain,59.08
normal,I,62.26
normal,Uncertain,41.27
normal,I,67.15
normal,I,87.29
normal,I,88.38
normal,B,84.13
normal,I,91.23
normal,I,75.47
normal,I,84.56
normal,J,99.54
normal,I,75.02
normal,D,91.20
normal,B,84.69
normal,D,93.09
normal,A,86.25
normal,B,93.64
normal,B,99.08
normal,B,93.26
normal,B,94.95
normal,B,98.75
normal,B,95.23
normal,B,75.69
normal,B,90.40
normal,A,99.47
normal,J,99.85
normal,Uncertain,52.54
normal,B,68.41
normal,Uncertain,49.75
normal,Uncertain,29.48
normal,G,67.04
normal,Uncertain,47.62
normal,Uncertain,43.62
normal,Uncertain,50.21
normal,G,67.15
normal,Uncertain,59.41
normal,B,83.96
normal,Uncertain,46.55
normal,Uncertain,58.95
normal,G,78.39
normal,Uncertain,58.67
normal,G,94.30
normal,G,97.72
normal,G,81.53
normal,G,96.63
normal,G,97.40
normal,G,98.62
normal,G,98.31
normal,G,88.36
normal,G,91.90
normal,G,88.13
normal,G,99.44
normal,G,98.96
normal,G,95.51
normal,G,96.06
normal,Uncertain,27.67
normal,J,66.10
normal,J,99.42
normal,J,99.59
normal,Uncertain,58.81
normal,A,64.00
normal,B,65.43
normal,Uncertain,40.12
normal,J,67.39
normal,B,81.48
normal,B,78.75
normal,B,96.81
normal,B,92.36
normal,B,96.50
normal,B,94.44
normal,B,91.54
normal,B,90.40
normal,B,82.36
normal,B,93.49
normal,B,91.21
normal,B,70.13
normal,B,83.74
normal,B,65.61
normal,B,90.70
normal,J,99.94
normal,J,97.54
normal,J,99.94
normal,J,98.10
normal,B,88.49
normal,Uncertain,55.79
normal,B,99.11
normal,B,96.31
normal,B,90.98
normal,B,90.12
normal,B,97.94
normal,B,97.24
normal,B,87.06
normal,B,91.87
normal,B,79.46
normal,B,92.76
normal,B,94.04
normal,B,99.11
normal,B,99.21
normal,B,98.61
normal,B,90.16
normal,B,98.47
normal,B,93.07
normal,B,90.35
normal,B,97.24
normal,B,82.85
normal,B,85.05
normal,B,91.48
normal,B,77.20
normal,B,95.63
normal,B,96.60
normal,B,92.47
normal,B,88.09
normal,B,74.98
normal,B,70.93
normal,Uncertain,55.71
normal,B,92.88
normal,B,84.70
normal,B,93.28
normal,B,88.97
normal,B,88.05
normal,B,81.23
normal,B,88.07
normal,B,88.44
normal,B,95.47
normal,B,91.51
normal,B,93.92
normal,Uncertain,50.70
normal,B,65.67
normal,B,82.83
normal,B,79.94
normal,Uncertain,55.77
normal,B,60.09
normal,B,83.62
normal,B,85.02
normal,B,64.91
normal,B,63.48
normal,B,95.13
normal,B,96.55
normal,B,97.29
normal,B,87.41
normal,B,97.65
normal,B,74.58
normal,J,92.60
normal,Uncertain,38.46
normal,Uncertain,56.78
normal,Uncertain,56.97
normal,B,84.59
normal,B,82.73
normal,B,63.80
normal,Uncertain,54.12
normal,B,87.59
normal,B,88.64
normal,B,97.08
normal,B,94.73
normal,B,81.26
normal,Uncertain,54.03
normal,B,88.82
dim,B,98.02
dim,Uncertain,33.98
dim,B,98.25
dim,B,89.33
dim,B,89.92
dim,B,86.74
dim,Uncertain,35.39
dim,J,89.55
dim,J,62.91
dim,B,65.56
dim,Uncertain,37.41
dim,J,76.51
dim,J,64.15
dim,B,78.26
dim,B,75.24
dim,B,97.25
dim,B,86.96
dim,B,84.24
dim,Uncertain,38.45
dim,B,68.61
dim,J,80.97
dim,Uncertain,40.77
dim,Uncertain,47.57
dim,B,95.19
dim,B,93.42
dim,B,95.42
dim,B,63.21
dim,B,88.79
dim,Uncertain,41.41
dim,Uncertain,37.40
dim,B,75.03
dim,J,81.39
dim,Uncertain,43.86
dim,B,86.82
dim,B,62.18
dim,J,61.30
dim,Uncertain,52.90
dim,B,97.00
dim,B,98.23
dim,B,68.37
dim,B,98.14
dim,B,97.71
dim,B,99.25
dim,B,97.57
dim,B,96.75
dim,B,75.39
dim,B,95.59
dim,B,97.45
dim,B,79.68
dim,Uncertain,48.55
dim,B,98.63
dim,Uncertain,49.39
dim,B,96.46
dim,B,98.81
dim,B,85.03
dim,B,83.79
dim,J,78.49
dim,B,80.57
dim,B,78.57
dim,Uncertain,50.91
dim,B,93.40
dim,B,96.44
dim,B,71.39
dim,B,96.25
dim,B,84.52
dim,B,99.43
dim,B,86.19
dim,Uncertain,40.31
dim,Uncertain,55.62
dim,B,82.95
dim,B,98.24
dim,B,85.70
dim,Uncertain,39.07
dim,J,67.17
dim,B,60.61
dim,Uncertain,51.48
dim,Uncertain,47.85
dim,Uncertain,41.45
dim,Uncertain,40.24
dim,Uncertain,28.84
dim,B,66.77
dim,Uncertain,32.90
dim,Uncertain,41.91
dim,Uncertain,36.49
dim,Uncertain,40.65
dim,Uncertain,40.40
dim,Uncertain,45.77
dim,B,70.71
dim,B,94.48
dim,Uncertain,34.58
dim,Uncertain,35.66
dim,Uncertain,57.47
dim,H,65.31
dim,B,86.44
dim,Uncertain,50.89
dim,Uncertain,45.35
dim,Uncertain,38.98
dim,Uncertain,36.95
dim,Uncertain,33.40
dim,Uncertain,33.77
dim,Uncertain,36.38
dim,B,82.43
dim,B,99.60
dim,B,76.45
dim,Uncertain,44.23
dim,B,67.08
dim,Uncertain,45.54
dim,Uncertain,58.20
dim,Uncertain,58.39
dim,B,64.30
dim,B,68.46
dim,B,89.66
dim,B,82.77
dim,Uncertain,33.08
dim,B,94.14
dim,Uncertain,52.40
dim,Uncertain,49.85
dim,B,91.74
dim,B,88.63
dim,B,90.62
dim,Uncertain,46.90
dim,Uncertain,50.94
dim,Uncertain,41.17
dim,B,69.07
dim,B,95.67
dim,B,60.89
dim,B,92.43
dim,B,88.78
dim,B,98.30
dim,J,78.69
dim,Uncertain,55.78
dim,J,75.78
dim,Uncertain,47.46
dim,J,90.96
dim,B,93.04
dim,J,95.60
dim,J,63.01
dim,J,65.99
dim,B,97.85
dim,J,82.16
dim,J,90.17
dim,J,64.95
dim,Uncertain,57.61
dim,Uncertain,28.44
dim,J,71.01
dim,B,94.10
dim,J,77.69
dim,J,89.40
dim,Uncertain,49.54
dim,Uncertain,45.75
dim,B,80.94
dim,B,90.25
dim,B,77.67
dim,Uncertain,45.20
dim,Uncertain,42.80
dim,B,95.52
dim,B,63.34
dim,Uncertain,54.26
dim,B,73.63
dim,Uncertain,54.86
dim,B,73.04
dim,Uncertain,41.72
dim,I,66.83
dim,Uncertain,46.64
dim,B,70.27
dim,Uncertain,49.00
dim,J,60.92
dim,Uncertain,53.17
dim,Uncertain,52.82
dim,Uncertain,58.44
dim,Uncertain,57.56
dim,B,65.45
dim,J,86.61
dim,Uncertain,46.24
dim,Uncertain,54.22
dim,J,61.32
dim,Uncertain,51.73
dim,B,71.71
dim,B,74.09
dim,Uncertain,36.77
dim,Uncertain,44.04
dim,Uncertain,58.14
dim,Uncertain,59.43
dim,I,60.50
dim,I,87.63
dim,I,66.48
dim,Uncertain,41.49
dim,B,78.20
dim,B,96.05
dim,B,91.93
dim,B,97.92
dim,B,84.35
dim,Uncertain,45.06
normal,B,86.34
normal,B,81.66
normal,J,99.28
occlusion,J,99.95
occlusion,A,61.78
occlusion,Uncertain,53.66
occlusion,Uncertain,41.90
occlusion,B,70.86
occlusion,B,96.96
occlusion,B,90.25
occlusion,Uncertain,56.65
occlusion,B,98.12
occlusion,B,90.56
occlusion,B,94.99
occlusion,B,94.73
occlusion,Uncertain,51.65
occlusion,Uncertain,43.43
occlusion,Uncertain,53.46
occlusion,B,74.83
occlusion,B,76.47
occlusion,B,94.47
occlusion,B,79.88
occlusion,B,88.33
occlusion,Uncertain,42.60
occlusion,Uncertain,58.69
occlusion,B,85.98
occlusion,J,75.87
occlusion,J,77.80
occlusion,J,91.43
rotate,A,87.81
rotate,B,78.96
rotate,Uncertain,51.66
rotate,A,92.73
rotate,A,77.45
rotate,A,87.86
rotate,A,89.94
rotate,Uncertain,47.67
rotate,Uncertain,47.38
rotate,Uncertain,59.85
rotate,B,96.88
rotate,B,84.58
rotate,B,86.35
rotate,Uncertain,50.76
rotate,B,78.46
rotate,B,91.38
rotate,B,91.09
rotate,B,97.80
rotate,B,97.09
rotate,B,97.34
rotate,B,76.63
rotate,B,78.33
rotate,B,89.49
rotate,B,99.24
rotate,B,96.89
rotate,B,94.77
rotate,Uncertain,50.23
rotate,B,92.97
rotate,B,82.68
rotate,Uncertain,55.07
rotate,B,89.83
rotate,B,89.13
rotate,B,85.69
rotate,B,73.28
rotate,B,92.15
rotate,B,97.83
rotate,B,93.25
rotate,B,87.54
rotate,Uncertain,58.46
rotate,J,99.53
rotate,A,89.64
rotate,A,98.26
rotate,A,79.06
rotate,A,85.79
rotate,A,90.22
rotate,A,98.52
rotate,A,97.23
rotate,A,83.97
rotate,A,88.04
rotate,A,96.67
rotate,A,86.33
rotate,A,96.24
rotate,A,93.17
rotate,A,97.42
rotate,Uncertain,59.44
rotate,B,63.53
rotate,Uncertain,50.73
rotate,B,82.66
rotate,Uncertain,41.23
rotate,B,64.31
rotate,B,89.46
rotate,B,73.13
rotate,B,77.13
rotate,A,76.28
rotate,Uncertain,53.93
rotate,B,75.77
rotate,B,70.48
rotate,Uncertain,52.59
rotate,Uncertain,49.32
rotate,A,66.54
rotate,B,84.01
rotate,B,92.56
rotate,B,64.37
rotate,Uncertain,53.29
rotate,B,72.61
rotate,Uncertain,48.85
rotate,B,79.24
rotate,B,79.50
rotate,B,74.95
rotate,B,71.83
rotate,B,69.45
rotate,B,73.48
rotate,B,73.27
rotate,B,72.58
rotate,B,83.72
rotate,Uncertain,38.42
rotate,B,73.38
rotate,A,86.49
rotate,B,94.45
rotate,J,92.38
rotate,A,78.15
rotate,B,77.10
rotate,A,92.14
rotate,A,89.64
rotate,A,99.46
rotate,A,98.97
rotate,A,98.90
rotate,A,98.59
normal,Uncertain,49.72
normal,Uncertain,46.94
normal,E,69.64
normal,Uncertain,36.70
normal,Uncertain,55.50
normal,E,77.91
normal,Uncertain,47.91
normal,Uncertain,45.29
normal,Uncertain,53.45
normal,E,63.11
normal,Uncertain,54.88
normal,J,68.87
normal,Uncertain,39.31
normal,J,75.59
normal,Uncertain,56.57
normal,Uncertain,42.98
normal,B,82.06
normal,J,80.93
normal,Uncertain,42.17
normal,Uncertain,59.49
normal,B,76.36
normal,B,73.46
normal,B,86.83
normal,J,73.99
normal,Uncertain,50.76
normal,B,72.23
normal,Uncertain,52.03
normal,B,82.65
normal,J,96.38
normal,J,85.46
normal,Uncertain,50.33
normal,Uncertain,40.82
normal,J,96.13
normal,B,92.86
normal,Uncertain,35.73
normal,B,88.86
normal,Uncertain,52.78
normal,Uncertain,29.67
normal,B,81.09
normal,Uncertain,34.00
normal,J,68.33
normal,Uncertain,59.52
normal,B,81.92
normal,B,91.30
normal,Uncertain,46.05
normal,B,85.13
normal,J,94.76
normal,B,64.76
normal,B,95.81
normal,B,88.02
normal,B,95.07
normal,B,89.01
normal,B,93.61
normal,Uncertain,59.65
normal,B,79.57
normal,B,80.60
normal,B,90.05
normal,B,90.54
normal,Uncertain,51.97
normal,B,98.21
normal,B,98.34
normal,B,70.81
normal,B,87.17
normal,B,89.93
normal,B,94.27
normal,B,79.99
normal,B,73.91
normal,Uncertain,50.75
normal,B,62.86
normal,Uncertain,46.59
normal,J,99.43
normal,J,98.33
normal,Uncertain,29.35
normal,J,71.39
normal,Uncertain,52.25
normal,B,96.01
normal,Uncertain,55.63
normal,Uncertain,55.69
normal,Uncertain,41.69
normal,B,95.06
normal,B,96.04
normal,B,92.74
normal,Uncertain,50.47
normal,B,83.33
normal,B,99.25
normal,J,61.73
normal,J,97.36
normal,J,69.48
normal,D,83.94
normal,D,91.72
normal,D,74.32
normal,D,81.54
normal,Uncertain,48.95
normal,I,61.83
normal,D,66.00
normal,Uncertain,53.37
normal,D,77.28
normal,Uncertain,50.47
normal,Uncertain,43.32
normal,D,71.05
normal,D,82.00
normal,J,85.58
normal,D,60.64
normal,Uncertain,44.54
normal,Uncertain,50.56
normal,D,65.13
normal,D,91.18
normal,D,69.61
normal,E,93.26
normal,Uncertain,41.66
normal,Uncertain,43.40
normal,E,84.22
normal,Uncertain,52.66
normal,Uncertain,48.58
normal,D,88.61
normal,B,63.96
normal,J,99.99
normal,A,74.29
normal,J,87.96
normal,J,98.55
normal,J,95.87
normal,J,92.55
normal,J,95.16
normal,J,96.76
normal,J,97.07
normal,J,92.40
normal,J,85.38
normal,J,94.26
normal,Uncertain,58.06
normal,Uncertain,45.43
normal,Uncertain,35.63
normal,D,71.47
normal,Uncertain,41.54
normal,Uncertain,39.27
normal,D,71.21
normal,D,90.28
normal,D,77.46
normal,Uncertain,46.41
normal,D,83.38
normal,D,70.09
normal,D,91.72
normal,J,91.14
normal,J,99.74
normal,B,99.12
normal,J,99.22
normal,B,97.56
normal,A,80.27
normal,B,92.68
normal,B,99.75
normal,Uncertain,54.49
normal,J,61.11
normal,B,74.82
normal,B,95.38
normal,B,97.86
normal,B,64.93
normal,B,68.27
normal,Uncertain,35.58
normal,Uncertain,44.51
normal,Uncertain,25.66
normal,B,93.30
normal,Uncertain,44.01
normal,B,99.29
normal,B,91.86
normal,B,98.73
normal,B,99.83
normal,B,98.91
normal,B,94.91
normal,B,97.27
normal,B,67.74
normal,B,98.71
normal,B,97.98
normal,B,99.50
normal,B,99.40
normal,B,98.65
normal,B,94.78
normal,B,96.28
normal,B,95.80
normal,B,89.53
normal,B,94.31
normal,Uncertain,52.65
normal,B,81.18
normal,D,88.59
normal,J,76.51
normal,J,72.01
normal,B,89.67
normal,J,99.06
normal,J,97.24
normal,F,74.52
normal,Uncertain,52.58
normal,J,99.01
normal,J,99.27
normal,J,89.50
normal,J,69.43
normal,J,93.90
normal,J,99.87
normal,J,99.67
normal,J,99.18
normal,J,94.39
normal,J,99.22
normal,J,99.47
normal,J,99.68
normal,J,83.55
normal,J,99.55
normal,J,89.31
normal,J,94.25
normal,Uncertain,40.49
normal,H,78.56
